{"name":"83dada26-e51d-40ae-b8a7-3ce4ec2de225","id":"/providers/Microsoft.Flow/flows/83dada26-e51d-40ae-b8a7-3ce4ec2de225","type":"Microsoft.Flow/flows","properties":{"apiId":"/providers/Microsoft.PowerApps/apis/shared_logicflows","displayName":"Post Alert & Acknowledge Response Flow","definition":{"metadata":{"workflowEntityId":null,"processAdvisorMetadata":null,"flowChargedByPaygo":null,"flowclientsuspensionreason":"None","flowclientsuspensiontime":null,"flowclientsuspensionreasondetails":null,"creator":{"id":"28b8a86a-1286-41ff-8614-0563867a3fe4","type":"User","tenantId":"13ec5c17-56c3-4061-8dcc-1a49a1bd62f4"},"provisioningMethod":"FromDefinition","failureAlertSubscription":true,"clientLastModifiedTime":"2025-06-09T04:43:13.7719975Z","connectionKeySavedTimeKey":"2025-06-09T04:43:13.7719975Z","creationSource":null},"$schema":"https://schema.management.azure.com/providers/Microsoft.Logic/schemas/2016-06-01/workflowdefinition.json#","contentVersion":"1.0.0.0","parameters":{"$connections":{"defaultValue":{},"type":"Object"},"$authentication":{"defaultValue":{},"type":"SecureObject"},"teams.group":{"defaultValue":"","type":"String"},"teams.channel":{"defaultValue":"","type":"String"}},"triggers":{"manual":{"metadata":{"operationMetadataId":"b6d9e2f6-31e9-409d-8c87-830a2c67cc4f"},"type":"Request","kind":"TeamsWebhook","inputs":{"schema":{"type":"object","properties":{"type":{"type":"string"},"attachments":{"type":"array","items":{"type":"object","properties":{"contentType":{"type":"string"},"content":{"type":"object","properties":{"$schema":{"type":"string"},"type":{"type":"string"},"version":{"type":"string"},"body":{"type":"array","items":{"type":"object","properties":{"type":{"type":"string"}},"required":["type"]}}}}},"required":["contentType","content"]}}}},"triggerAuthenticationType":"All"}}},"actions":{"Parse_Webhook_Body":{"runAfter":{},"metadata":{"operationMetadataId":"bc934df8-9063-46a1-880a-97c186f22f47"},"type":"Compose","inputs":"@triggerBody()?['alertMessage']"},"Initialize_AlertId":{"runAfter":{"Parse_Webhook_Body":["Succeeded"]},"metadata":{"operationMetadataId":"023758a9-0c49-4b72-85c9-461922ac2620"},"type":"InitializeVariable","inputs":{"variables":[{"name":"AlertId","type":"String","value":"@guid()"}]}},"Capture_CreatedTime":{"runAfter":{"Initialize_AlertId":["Succeeded"]},"metadata":{"operationMetadataId":"d55d69d4-930e-458e-affe-6bc74677acfe"},"type":"Compose","inputs":"@utcNow()"},"Condition":{"actions":{"Get_items":{"runAfter":{},"metadata":{"operationMetadataId":"aab32473-c995-4b5a-b24a-eb0ef3b4b7e5","flowSystemMetadata":{"swaggerOperationId":"GetItems"}},"type":"ApiConnection","inputs":{"host":{"connection":{"name":"@parameters('$connections')['shared_sharepointonline_6']['connectionId']"},"api":{"runtimeUrl":"https://india-001.azure-apim.net/apim/sharepointonline"}},"method":"get","path":"/datasets/@{encodeURIComponent(encodeURIComponent('https://experi123.sharepoint.com/sites/Experi'))}/tables/@{encodeURIComponent(encodeURIComponent('d6ac8048-030b-4f89-bc02-1e80c27e936e'))}/items","queries":{"$filter":"AlertId eq '@{outputs('Post_adaptive_card_and_wait_for_a_response')?['body']?['data']?['alertId']}'"},"authentication":"@parameters('$authentication')"}},"Apply_to_each":{"foreach":"@body('Get_items')?['value']","actions":{"Update_item_2":{"runAfter":{},"metadata":{"operationMetadataId":"44eb2269-30ca-46d9-a3d7-c15b7310436e","flowSystemMetadata":{"swaggerOperationId":"PatchItem"}},"type":"ApiConnection","inputs":{"host":{"connection":{"name":"@parameters('$connections')['shared_sharepointonline_7']['connectionId']"},"api":{"runtimeUrl":"https://india-001.azure-apim.net/apim/sharepointonline"}},"method":"patch","body":{"Status":{"Value":"Acknowledged"}},"path":"/datasets/@{encodeURIComponent(encodeURIComponent('https://experi123.sharepoint.com/sites/Experi'))}/tables/@{encodeURIComponent(encodeURIComponent('d6ac8048-030b-4f89-bc02-1e80c27e936e'))}/items/@{encodeURIComponent(items('Apply_to_each')?['ID'])}","authentication":"@parameters('$authentication')"}}},"runAfter":{"Get_items":["Succeeded"]},"metadata":{"operationMetadataId":"6a2f4251-019d-4c3c-9441-af4e8e6f2984"},"type":"Foreach"}},"runAfter":{"Post_adaptive_card_and_wait_for_a_response":["Succeeded"]},"expression":{"equals":["@outputs('Post_adaptive_card_and_wait_for_a_response')?['body']?['data']?['action']","acknowledge"]},"metadata":{"operationMetadataId":"0f07f231-86f4-4500-8ca5-544e2361cee3"},"type":"If"},"Post_adaptive_card_and_wait_for_a_response":{"runAfter":{"Capture_CreatedTime":["Succeeded"]},"metadata":{"operationMetadataId":"ea499592-6506-417d-a0e6-d12dbd963fae","flowSystemMetadata":{"swaggerOperationId":"PostCardAndWaitForResponse"}},"type":"ApiConnectionWebhook","inputs":{"host":{"connection":{"name":"@parameters('$connections')['shared_teams']['connectionId']"},"api":{"runtimeUrl":"https://india-001.azure-apim.net/apim/teams"}},"body":{"notificationUrl":"@{listCallbackUrl()}","body":{"messageBody":"{\n  \"$schema\": \"http://adaptivecards.io/schemas/adaptive-card.json\",\n  \"type\": \"AdaptiveCard\",\n  \"version\": \"1.4\",\n  \"body\": [\n    {\n      \"type\": \"TextBlock\",\n      \"text\": \"🚨 New Alert\",\n      \"weight\": \"Bolder\",\n      \"size\": \"Large\"\n    },\n    {\n      \"type\": \"FactSet\",\n      \"facts\": [\n        {\n          \"title\": \"Message\",\n          \"value\": \"@{triggerBody()?['alertMessage']}\"\n        },\n        {\n          \"title\": \"Alert ID\",\n          \"value\": \"@{variables('AlertId')}\"\n        },\n        {\n          \"title\": \"Time\",\n          \"value\": \"@{outputs('Capture_CreatedTime')}\"\n        },\n        {\n          \"title\": \"Status\",\n          \"value\": \"Pending\"\n        }\n      ]\n    },\n    {\n      \"type\": \"ActionSet\",\n      \"actions\": [\n        {\n          \"type\": \"Action.Submit\",\n          \"title\": \"Acknowledge\",\n          \"data\": {\n            \"action\": \"acknowledge\",\n            \"alertId\": \"@{variables('AlertId')}\"\n          }\n        }\n      ]\n    }\n  ]\n}","updateMessage":"Thanks for your acknowledgement! This item is assigned to you.","recipient":{"groupId":"5a493c66-8001-4086-a3d2-38fb60388381","channelId":"19:ab4b053e739c412ab4226cabfd4bbf37@thread.tacv2"}}},"path":"/v1.0/teams/conversation/gatherinput/poster/Flow bot/location/@{encodeURIComponent('Channel')}/$subscriptions","authentication":"@parameters('$authentication')"}},"Create_Sharepoint_Item":{"runAfter":{"Capture_CreatedTime":["Succeeded"]},"metadata":{"operationMetadataId":"47ac6a18-77ae-4175-b3a5-53d70fbb933e","flowSystemMetadata":{"swaggerOperationId":"PostItem"}},"type":"ApiConnection","inputs":{"host":{"connection":{"name":"@parameters('$connections')['shared_sharepointonline']['connectionId']"},"api":{"runtimeUrl":"https://india-001.azure-apim.net/apim/sharepointonline"}},"method":"post","body":{"AlertId":"@variables('AlertId')","AlertMessage":"@{triggerBody()?['alertMessage']}","Status":{"Value":"Pending"},"CreatedTime":"@{outputs('Capture_CreatedTime')}","{ContentType}":{"Id":"0x010087AEDAACBB6A784CAA18B82017D2C91500A41EB26F75727F4E8BEAD3B981F5ACD2"}},"path":"/datasets/@{encodeURIComponent(encodeURIComponent('https://experi123.sharepoint.com/sites/Experi'))}/tables/@{encodeURIComponent(encodeURIComponent('d6ac8048-030b-4f89-bc02-1e80c27e936e'))}/items","authentication":"@parameters('$authentication')"}},"Delay":{"runAfter":{"Capture_CreatedTime":["Succeeded"]},"metadata":{"operationMetadataId":"004157d8-6a23-478e-a20a-377ec207aa56"},"type":"Wait","inputs":{"interval":{"count":1,"unit":"Minute"}}},"Get_items_2":{"runAfter":{"Delay":["Succeeded"]},"metadata":{"operationMetadataId":"9cb3581b-cb2a-424a-9b2e-e5dd2772c43a","flowSystemMetadata":{"swaggerOperationId":"GetItems"}},"type":"ApiConnection","inputs":{"host":{"connection":{"name":"@parameters('$connections')['shared_sharepointonline_1']['connectionId']"},"api":{"runtimeUrl":"https://india-001.azure-apim.net/apim/sharepointonline"}},"method":"get","path":"/datasets/@{encodeURIComponent(encodeURIComponent('https://experi123.sharepoint.com/sites/Experi'))}/tables/@{encodeURIComponent(encodeURIComponent('d6ac8048-030b-4f89-bc02-1e80c27e936e'))}/items","queries":{"$filter":"AlertId eq '@{variables('AlertId')}'"},"authentication":"@parameters('$authentication')"}},"Apply_to_each_2":{"foreach":"@body('Get_items_2')?['value']","actions":{"Condition_2":{"actions":{"Post_card_in_a_chat_or_channel":{"runAfter":{},"metadata":{"operationMetadataId":"68af8dca-be08-46f4-80df-ad9b197803f6","flowSystemMetadata":{"swaggerOperationId":"PostCardToConversation"}},"type":"ApiConnection","inputs":{"host":{"connection":{"name":"@parameters('$connections')['shared_teams']['connectionId']"},"api":{"runtimeUrl":"https://india-001.azure-apim.net/apim/teams"}},"method":"post","body":{"recipient":{"groupId":"5a493c66-8001-4086-a3d2-38fb60388381","channelId":"19:4e303a23657f4350bdcbb49b1978c3dd@thread.tacv2"},"messageBody":"{\n  \"$schema\": \"http://adaptivecards.io/schemas/adaptive-card.json\",\n  \"type\": \"AdaptiveCard\",\n  \"version\": \"1.4\",\n  \"body\": [\n    {\n      \"type\": \"TextBlock\",\n      \"text\": \"🚨 New Alert\",\n      \"weight\": \"Bolder\",\n      \"size\": \"Large\"\n    },\n    {\n      \"type\": \"FactSet\",\n      \"facts\": [\n        {\n          \"title\": \"Message\",\n          \"value\": \"@{triggerBody()?['alertMessage']}\"\n        },\n        {\n          \"title\": \"Alert ID\",\n          \"value\": \"@{variables('AlertId')}\"\n        },\n        {\n          \"title\": \"Time\",\n          \"value\": \"@{outputs('Capture_CreatedTime')}\"\n        },\n        {\n          \"title\": \"Status\",\n          \"value\": \"Escalated\"\n        }\n      ]\n    }\n  ]\n}"},"path":"/v1.0/teams/conversation/adaptivecard/poster/Flow bot/location/@{encodeURIComponent('Channel')}","authentication":"@parameters('$authentication')"}},"Get_items_3":{"runAfter":{"Post_card_in_a_chat_or_channel":["Succeeded"]},"metadata":{"operationMetadataId":"cd25071f-7739-4359-aff8-7828d220bbdb","flowSystemMetadata":{"swaggerOperationId":"GetItems"}},"type":"ApiConnection","inputs":{"host":{"connection":{"name":"@parameters('$connections')['shared_sharepointonline_4']['connectionId']"},"api":{"runtimeUrl":"https://india-001.azure-apim.net/apim/sharepointonline"}},"method":"get","path":"/datasets/@{encodeURIComponent(encodeURIComponent('https://experi123.sharepoint.com/sites/Experi'))}/tables/@{encodeURIComponent(encodeURIComponent('d6ac8048-030b-4f89-bc02-1e80c27e936e'))}/items","queries":{"$filter":"AlertId eq '@{variables('AlertId')}'"},"authentication":"@parameters('$authentication')"}},"Apply_to_each_3":{"foreach":"@body('Get_items_3')?['value']","actions":{"Update_item":{"runAfter":{},"metadata":{"operationMetadataId":"6d03d2b1-7047-49e5-8c88-ee12e792379c","flowSystemMetadata":{"swaggerOperationId":"PatchItem"}},"type":"ApiConnection","inputs":{"host":{"connection":{"name":"@parameters('$connections')['shared_sharepointonline_5']['connectionId']"},"api":{"runtimeUrl":"https://india-001.azure-apim.net/apim/sharepointonline"}},"method":"patch","body":{"Status":{"Value":"Escalated"}},"path":"/datasets/@{encodeURIComponent(encodeURIComponent('https://experi123.sharepoint.com/sites/Experi'))}/tables/@{encodeURIComponent(encodeURIComponent('d6ac8048-030b-4f89-bc02-1e80c27e936e'))}/items/@{encodeURIComponent(items('Apply_to_each_3')?['ID'])}","authentication":"@parameters('$authentication')"}}},"runAfter":{"Get_items_3":["Succeeded"]},"metadata":{"operationMetadataId":"7a45a708-692c-44b0-bb11-b33132c766b3"},"type":"Foreach"}},"runAfter":{},"expression":{"equals":["@items('Apply_to_each_2')?['Status']?['Value']","Pending"]},"metadata":{"operationMetadataId":"0803e8ac-1d4b-4e56-b034-66f22a8d4be6"},"type":"If"}},"runAfter":{"Get_items_2":["Succeeded"]},"metadata":{"operationMetadataId":"3409abf0-d365-472d-b12c-907e8859be94"},"type":"Foreach"}},"outputs":{}},"connectionReferences":{"shared_sharepointonline_6":{"connectionName":"shared-sharepointonl-b26a567e-80a4-4127-abd6-8837ecce6811","source":"Embedded","id":"/providers/Microsoft.PowerApps/apis/shared_sharepointonline","tier":"NotSpecified","apiName":"sharepointonline","isProcessSimpleApiReferenceConversionAlreadyDone":false},"shared_sharepointonline_7":{"connectionName":"shared-sharepointonl-8fa5ce4a-2cf6-4f19-86e3-bb0eedf77b28","source":"Embedded","id":"/providers/Microsoft.PowerApps/apis/shared_sharepointonline","tier":"NotSpecified","apiName":"sharepointonline","isProcessSimpleApiReferenceConversionAlreadyDone":false},"shared_teams":{"connectionName":"shared-teams-3720fbc5-da42-4b34-8b36-21f206015c12","source":"Embedded","id":"/providers/Microsoft.PowerApps/apis/shared_teams","tier":"NotSpecified","apiName":"teams","isProcessSimpleApiReferenceConversionAlreadyDone":false},"shared_sharepointonline":{"connectionName":"shared-sharepointonl-d366897f-e6c9-4052-a8e8-1702cc4411dd","source":"Embedded","id":"/providers/Microsoft.PowerApps/apis/shared_sharepointonline","tier":"NotSpecified","apiName":"sharepointonline","isProcessSimpleApiReferenceConversionAlreadyDone":false},"shared_sharepointonline_1":{"connectionName":"shared-sharepointonl-edff8755-6d49-4006-bd28-138978c66367","source":"Embedded","id":"/providers/Microsoft.PowerApps/apis/shared_sharepointonline","tier":"NotSpecified","apiName":"sharepointonline","isProcessSimpleApiReferenceConversionAlreadyDone":false},"shared_sharepointonline_4":{"connectionName":"shared-sharepointonl-ac294617-44c6-4e10-92f2-d02af963a868","source":"Embedded","id":"/providers/Microsoft.PowerApps/apis/shared_sharepointonline","tier":"NotSpecified","apiName":"sharepointonline","isProcessSimpleApiReferenceConversionAlreadyDone":false},"shared_sharepointonline_5":{"connectionName":"shared-sharepointonl-cf2863aa-b444-49e0-b163-04fad8e341b7","source":"Embedded","id":"/providers/Microsoft.PowerApps/apis/shared_sharepointonline","tier":"NotSpecified","apiName":"sharepointonline","isProcessSimpleApiReferenceConversionAlreadyDone":false}},"flowFailureAlertSubscribed":false,"isManaged":false}}